data;descricao;valor;categoria
01/09/2026;SALARIO NITRO TECNOLOGIA;8.500,00;receita
02/09/2026;ALUGUEL SETEMBRO;-2.150,00;moradia
03/09/2026;SUPERMERCADO DIA;-387,42;mercado
04/09/2026;UBER *TRIP;-23,90;transporte
05/09/2026;CONDOMINIO;-640,00;moradia
06/09/2026;IFOOD *RESTAURANTE;-58,70;restaurantes
07/09/2026;POSTO SHELL;-210,00;transporte
08/09/2026;NETFLIX.COM;-55,90;assinaturas
09/09/2026;SPOTIFY;-21,90;assinaturas
10/09/2026;FEIRA LIVRE;-64,35;mercado
11/09/2026;FARMACIA PAGUE MENOS;-89,99;saude
12/09/2026;PIX RECEBIDO JOAO (racha churrasco);120,00;receita
13/09/2026;ATACADAO;-512,18;mercado
14/09/2026;OUTBACK;-243,60;restaurantes
15/09/2026;ENEL ENERGIA;-198,47;moradia
16/09/2026;VIVO FIBRA;-109,99;moradia
17/09/2026;UBER *TRIP;-31,45;transporte
18/09/2026;CURSO INGLES ONLINE;-149,00;educacao
19/09/2026;ESTORNO IFOOD;58,70;restaurantes
20/09/2026;ACADEMIA SMART FIT;-129,90;saude
22/09/2026;PADARIA REAL;-37,80;mercado
25/09/2026;AMAZON MKTP *LIVRO GO;-1.089,00;educacao
28/09/2026;POSTO IPIRANGA;-180,00;transporte
30/09/2026;RENDIMENTO POUPANCA;12,34;receita
