date,category,title,amount
2026-08-28,outros,Pagamento recebido,-3412.77
2026-08-29,supermercado,Carrefour,412.36
2026-08-30,restaurante,Ifood *Burger King,62.90
2026-09-01,transporte,Uber *Trip,27.45
2026-09-02,serviços,Netflix.Com,55.90
2026-09-03,supermercado,Pao de Acucar,198.14
2026-09-05,restaurante,Coco Bambu,312.00
2026-09-06,saúde,Drogasil,74.39
2026-09-08,transporte,Shell Box,250.00
2026-09-09,eletrônicos,Kabum *Mouse Logitech,349.90
2026-09-11,supermercado,Atacadao,627.88
2026-09-12,restaurante,Ifood *Sushi,118.40
2026-09-14,serviços,Spotify,21.90
2026-09-15,restaurante,Estorno Coco Bambu,-312.00
2026-09-16,educação,Udemy *Curso Go,39.90
2026-09-18,transporte,Uber *Trip,33.10
2026-09-20,supermercado,Hortifruti,96.47
2026-09-22,saúde,Smart Fit,129.90
2026-09-23,restaurante,Outback,287.60
2026-09-25,casa,Leroy Merlin,458.73
