user_id,evento,timestamp
u1073,pedido_criado,2026-07-01T00:46:00
u1070,login,2026-07-01T00:51:00
u1045,rastreio_aberto,2026-07-01T02:40:00
u1007,rastreio_aberto,2026-07-01T08:13:00
u1019,avaliacao,2026-07-01T10:35:00
u1074,pedido_criado,2026-07-01T15:53:00
u1071,pedido_criado,2026-07-02T05:17:00
u1063,pedido_criado,2026-07-02T14:11:00
u1044,avaliacao,2026-07-02T22:11:00
u1063,avaliacao,2026-07-02T23:22:00
u1050,avaliacao,2026-07-03T05:28:00
u1070,avaliacao,2026-07-03T06:39:00
u1018,pedido_criado,2026-07-03T07:06:00
u1076,login,2026-07-03T08:01:00
u1074,login,2026-07-03T08:55:00
u1013,avaliacao,2026-07-03T23:25:00
u1030,pedido_criado,2026-07-04T00:36:00
u1009,rastreio_aberto,2026-07-04T02:16:00
u1072,avaliacao,2026-07-04T15:29:00
u1036,avaliacao,2026-07-04T21:52:00
u1028,rastreio_aberto,2026-07-04T23:21:00
u1046,pedido_criado,2026-07-05T07:42:00
u1009,pedido_criado,2026-07-05T08:56:00
u1063,avaliacao,2026-07-05T13:07:00
u1012,pedido_criado,2026-07-05T17:35:00
u1054,rastreio_aberto,2026-07-05T20:16:00
u1027,login,2026-07-05T22:54:00
u1008,login,2026-07-06T03:21:00
u1073,pedido_criado,2026-07-06T04:01:00
u1034,pedido_criado,2026-07-06T08:03:00
u1074,pedido_criado,2026-07-06T11:49:00
u1053,avaliacao,2026-07-06T22:27:00
u1053,avaliacao,2026-07-07T02:13:00
u1060,rastreio_aberto,2026-07-07T09:40:00
u1080,pedido_criado,2026-07-07T16:23:00
u1037,rastreio_aberto,2026-07-07T22:38:00
u1012,pedido_criado,2026-07-08T04:05:00
u1031,login,2026-07-08T06:17:00
u1002,pedido_criado,2026-07-08T10:12:00
u1007,pedido_criado,2026-07-09T09:00:00
u1007,rastreio_aberto,2026-07-09T14:00:00
u1026,pedido_criado,2026-07-09T17:26:00
u1008,login,2026-07-09T19:08:00
nitro-qa0,login,2026-07-10T09:00:00
nitro-qa1,login,2026-07-10T09:01:00
nitro-qa2,login,2026-07-10T09:02:00
u1043,rastreio_aberto,2026-07-11T02:46:00
u1021,rastreio_aberto,2026-07-11T13:12:00
u1053,rastreio_aberto,2026-07-11T16:39:00
u1039,login,2026-07-12T00:16:00
u1027,rastreio_aberto,2026-07-12T10:35:00
u1071,login,2026-07-12T23:01:00
u1040,avaliacao,2026-07-13T04:34:00
u1059,pedido_criado,2026-07-13T11:03:00
u1011,login,2026-07-13T12:25:00
u1019,avaliacao,2026-07-13T12:58:00
u1065,pedido_criado,2026-07-13T15:10:00
u1074,pedido_criado,2026-07-13T23:05:00
u1057,rastreio_aberto,2026-07-14T02:13:00
u1021,login,2026-07-14T05:03:00
u1072,pedido_criado,2026-07-14T06:52:00
u1064,rastreio_aberto,2026-07-14T17:23:00
u1058,avaliacao,2026-07-15T00:21:00
u1015,login,2026-07-15T07:47:00
u1043,pedido_criado,2026-07-15T10:04:00
u1010,pedido_criado,2026-07-15T10:39:00
u1004,avaliacao,2026-07-15T21:51:00
u1062,avaliacao,2026-07-15T22:01:00
u1053,rastreio_aberto,2026-07-15T23:22:00
u1023,rastreio_aberto,2026-07-16T05:27:00
u1069,pedido_criado,2026-07-16T06:21:00
u1015,pedido_criado,2026-07-16T09:05:00
u1058,login,2026-07-16T19:46:00
u1015,login,2026-07-16T19:57:00
u1073,login,2026-07-16T20:22:00
u1055,login,2026-07-16T20:25:00
u1080,login,2026-07-16T22:10:00
u1005,pedido_criado,2026-07-17T02:07:00
u1008,avaliacao,2026-07-17T06:18:00
u1038,rastreio_aberto,2026-07-17T07:44:00
u1079,rastreio_aberto,2026-07-17T07:48:00
u1044,pedido_criado,2026-07-17T09:44:00
u1057,avaliacao,2026-07-17T15:15:00
u1040,avaliacao,2026-07-17T16:01:00
u1007,rastreio_aberto,2026-07-17T21:11:00
u1011,login,2026-07-17T22:15:00
u1008,pedido_criado,2026-07-17T23:59:00
u1031,login,2026-07-18T00:48:00
u1046,avaliacao,2026-07-18T01:20:00
u1011,login,2026-07-18T03:23:00
u1067,avaliacao,2026-07-18T06:53:00
u1006,pedido_criado,2026-07-18T08:56:00
u1050,rastreio_aberto,2026-07-18T17:49:00
u1024,pedido_criado,2026-07-19T14:51:00
u1014,rastreio_aberto,2026-07-20T07:44:00
u1007,login,2026-07-20T11:30:00
u1047,rastreio_aberto,2026-07-20T19:30:00
u1006,pedido_criado,2026-07-21T07:39:00
u1078,rastreio_aberto,2026-07-22T12:55:00
u1049,avaliacao,2026-07-22T15:34:00
u1068,avaliacao,2026-07-22T18:52:00
u1073,avaliacao,2026-07-23T08:28:00
u1073,rastreio_aberto,2026-07-23T08:33:00
u1043,rastreio_aberto,2026-07-23T10:05:00
u1068,avaliacao,2026-07-23T13:22:00
u1074,login,2026-07-23T17:58:00
u1077,rastreio_aberto,2026-07-23T20:42:00
u1005,avaliacao,2026-07-24T07:12:00
u1023,avaliacao,2026-07-25T03:32:00
u1074,pedido_criado,2026-07-25T04:11:00
u1059,login,2026-07-25T05:38:00
u1041,pedido_criado,2026-07-25T09:08:00
u1007,login,2026-07-25T16:19:00
u1038,login,2026-07-26T03:56:00
u1036,pedido_criado,2026-07-26T03:57:00
u1028,avaliacao,2026-07-26T07:52:00
u1063,pedido_criado,2026-07-26T08:05:00
u1017,rastreio_aberto,2026-07-26T08:30:00
u1071,pedido_criado,2026-07-26T22:48:00
u1073,rastreio_aberto,2026-07-27T13:54:00
u1009,rastreio_aberto,2026-07-27T13:55:00
u1054,pedido_criado,2026-07-27T16:08:00
u1039,avaliacao,2026-07-27T21:07:00
u9000,pedido_criado,2026-08-01T00:30:00
u9001,pedido_criado,2026-08-01T00:31:00
u9002,pedido_criado,2026-08-01T00:32:00
u9003,pedido_criado,2026-08-01T00:33:00
